subject_id,split
ICC103,train
ICC103A,train
ICC105,test
ICC105A,val
ICC107,train
ICC107A,train
ICC111,val
ICC111A,train
ICC113,train
ICC113A,train
ICC115,val
ICC117,train
ICC123,train
ICC125,train
ICC127,train
ICC127A,val
ICC131,train
ICC133,train
ICC133A,test
ICC135,train
ICC139,test
ICC139A,train
ICC141,train
ICC145,val
ICC145A,test
ICC147,train
ICC149,train
ICC151,train
ICC153,train
ICC155,train
ICC155A,train
ICC157,train
ICC159,val
ICC161,train
ICC163,train
ICC165,train
ICC167,train
ICC169,train
ICC177,train
ICC179,train
ICC179A,train
ICC183,train
ICC183A,test
ICC185,val
ICC187,train
ICC189,train
ICC191,train
ICC191A,train
ICC193,val
ICC193A,train
ICC195,train
ICC197,train
ICC199,test
ICC201,train
ICC201A,train
ICC203,test
ICC205,train
ICC205A,train
ICC207,test
ICC211,test
ICC213,train
ICC217,train
ICC221,test
ICC221A,train
ICC223,train
ICC225,train
ICC227,train
ICC229,test
ICC23,train
ICC233,train
ICC235,train
ICC237,train
ICC239,val
ICC239A,train
ICC241,train
ICC241A,train
ICC243,train
ICC243A,train
ICC253,val
ICC255,train
ICC257,val
ICC257A,val
ICC37,train
ICC43,train
ICC43A,val
ICC47,test
ICC51,val
ICC51A,train
ICC53,test
ICC53A,train
ICC55,val
ICC57,train
ICC57A,train
ICC59,train
ICC59A,train
ICC63,train
ICC7,train
ICC75,train
ICC75A,train
ICC7A,train
ICC81,train
ICC81A,train
ICC83,train
ICC83A,train
ICC85,val
ICC85A,train
ICC87,train
ICC89,train
ICC91,val
ICC93,train
ICC97,train
ICC97A,val
ICN14,train
ICN14A,train
ICN18,val
ICN2,train
ICN2A,test
ICN46,test
ICN48,train
ICN50,test
ICN8,val
ICN8A,val
IRC109,train
IRC119,train
IRC119A,train
IRC13,train
IRC17,train
IRC17A,train
IRC19,train
IRC19A,test
IRC21,train
IRC25,train
IRC27,train
IRC27A,train
IRC29,test
IRC29A,train
IRC3,train
IRC31,train
IRC3A,train
IRC41,train
IRC41A,test
IRC45,train
IRC49,test
IRC61,train
IRC61A,val
IRC67,train
IRC67A,train
IRC69,test
IRC69A,test
IRC9,train
IRC99,val
IRC9A,train
IRN1,val
IRN12,train
IRN1A,test
IRN20,train
IRN20A,train
IRN22,val
IRN26,train
IRN26A,train
IRN30,test
IRN32,train
IRN34,train
IRN36,train
IRN42,train
IRN42A,train
IRN44,test
IRN52,train
IRN60,val
IRN62,train
IRN62A,train
IRN64,test
IRN66,test
IRN68,train
IRN68A,val
IRN72,train
IRN74,train
IRN76,train
IRN78,train
ITT1,train
