subject_id,task,split
ICC103,videos,train
ICC103A,rest10,train
ICC103A,videos,train
ICC105,rest10,train
ICC105,videos,test
ICC105A,rest10,test
ICC105A,videos,train
ICC107,rest10,train
ICC107,videos,train
ICC107A,rest10,train
ICC107A,videos,train
ICC111,rest10,train
ICC111,videos,train
ICC111A,videos,train
ICC113,rest10,train
ICC113,videos,train
ICC113A,videos,val
ICC115,rest10,val
ICC115,videos,train
ICC117,rest10,test
ICC117,videos,train
ICC123,rest10,val
ICC123,videos,train
ICC125,rest10,val
ICC125,videos,train
ICC127,rest10,test
ICC127,videos,val
ICC127A,rest10,train
ICC127A,videos,train
ICC131,videos,test
ICC133,rest10,train
ICC133,videos,test
ICC133A,rest10,val
ICC133A,videos,test
ICC135,rest10,train
ICC135,videos,train
ICC139,rest10,test
ICC139,videos,train
ICC139A,videos,test
ICC141,rest10,train
ICC141,videos,train
ICC145,rest10,train
ICC145,videos,test
ICC145A,videos,train
ICC147,rest10,test
ICC147,videos,train
ICC149,rest10,val
ICC149,videos,train
ICC151,videos,train
ICC153,rest10,train
ICC153,videos,val
ICC155,rest10,train
ICC155,videos,train
ICC155A,videos,train
ICC157,rest10,train
ICC157,videos,train
ICC159,rest10,val
ICC159,videos,test
ICC161,videos,test
ICC163,rest10,train
ICC163,videos,train
ICC165,rest10,train
ICC165,videos,val
ICC167,videos,train
ICC169,rest10,train
ICC169,videos,val
ICC177,rest10,train
ICC177,videos,test
ICC179,rest10,train
ICC179,videos,test
ICC179A,rest10,train
ICC179A,videos,test
ICC183,rest10,train
ICC183,videos,train
ICC183A,rest10,train
ICC183A,videos,train
ICC185,rest10,val
ICC185,videos,train
ICC187,rest10,val
ICC187,videos,test
ICC189,rest10,train
ICC189,videos,val
ICC191,rest10,train
ICC191,videos,val
ICC191A,rest10,val
ICC191A,videos,val
ICC193,rest10,test
ICC193,videos,train
ICC193A,rest10,train
ICC193A,videos,val
ICC195,rest10,train
ICC195,videos,train
ICC197,rest10,test
ICC197,videos,train
ICC199,videos,train
ICC201,rest10,test
ICC201,videos,train
ICC201A,rest10,train
ICC201A,videos,train
ICC203,rest10,test
ICC203,videos,train
ICC205,rest10,val
ICC205,videos,train
ICC205A,rest10,train
ICC205A,videos,train
ICC207,rest10,train
ICC207,videos,train
ICC211,rest10,train
ICC211,videos,val
ICC213,rest10,train
ICC213,videos,train
ICC217,rest10,train
ICC217,videos,val
ICC221,rest10,train
ICC221,videos,train
ICC221A,rest10,test
ICC223,rest10,train
ICC223,videos,train
ICC225,rest10,train
ICC225,videos,train
ICC227,rest10,train
ICC227,videos,val
ICC229,rest10,test
ICC229,videos,train
ICC23,videos,val
ICC233,rest10,train
ICC233,videos,test
ICC235,rest10,val
ICC235,videos,train
ICC237,rest10,train
ICC237,videos,train
ICC239,videos,train
ICC239A,rest10,train
ICC239A,videos,train
ICC241,rest10,train
ICC241,videos,train
ICC241A,videos,test
ICC243,videos,val
ICC243A,rest10,train
ICC243A,videos,train
ICC253,rest10,train
ICC253,videos,train
ICC255,rest10,train
ICC255,videos,train
ICC257,rest10,test
ICC257,videos,train
ICC257A,rest10,train
ICC257A,videos,train
ICC37,rest10,train
ICC37,videos,train
ICC43,videos,test
ICC43A,rest10,train
ICC43A,videos,train
ICC47,rest10,val
ICC47,videos,test
ICC51,rest10,train
ICC51,videos,train
ICC51A,videos,train
ICC53,rest10,test
ICC53,videos,train
ICC53A,rest10,train
ICC53A,videos,train
ICC55,rest10,train
ICC55,videos,val
ICC57,videos,val
ICC57A,videos,train
ICC59,rest10,train
ICC59,videos,train
ICC59A,videos,train
ICC63,rest10,train
ICC63,videos,train
ICC7,rest10,train
ICC7,videos,val
ICC75,rest10,train
ICC75,videos,val
ICC75A,videos,train
ICC7A,rest10,val
ICC7A,videos,train
ICC81,rest10,train
ICC81,videos,val
ICC81A,videos,test
ICC83,rest10,train
ICC83,videos,train
ICC83A,rest10,test
ICC83A,videos,val
ICC85,rest10,train
ICC85,videos,train
ICC85A,rest10,train
ICC85A,videos,test
ICC87,rest10,train
ICC87,videos,test
ICC89,rest10,train
ICC89,videos,train
ICC91,rest10,train
ICC91,videos,train
ICC93,rest10,train
ICC93,videos,train
ICC97,videos,train
ICC97A,videos,train
ICN14,rest10,train
ICN14,videos,train
ICN14A,rest10,train
ICN14A,videos,train
ICN18,videos,test
ICN2,rest10,train
ICN2,videos,train
ICN2A,videos,train
ICN46,videos,val
ICN48,rest10,train
ICN48,videos,train
ICN50,rest10,train
ICN50,videos,train
ICN8,rest10,train
ICN8,videos,train
ICN8A,rest10,test
ICN8A,videos,train
IRC109,rest10,train
IRC109,videos,train
IRC119,videos,val
IRC119A,videos,test
IRC13,rest10,train
IRC13,videos,train
IRC17,videos,train
IRC17A,videos,train
IRC19,rest10,train
IRC19,videos,train
IRC19A,videos,train
IRC21,rest10,train
IRC21,videos,train
IRC25,videos,test
IRC27,videos,train
IRC27A,rest10,train
IRC27A,videos,train
IRC29,rest10,test
IRC29,videos,train
IRC29A,rest10,val
IRC29A,videos,train
IRC3,rest10,train
IRC3,videos,train
IRC31,rest10,train
IRC31,videos,train
IRC3A,videos,train
IRC41,rest10,train
IRC41,videos,train
IRC41A,rest10,test
IRC41A,videos,val
IRC45,rest10,train
IRC45,videos,train
IRC49,videos,val
IRC61,rest10,val
IRC61,videos,train
IRC61A,videos,test
IRC67,videos,train
IRC67A,videos,train
IRC69,videos,train
IRC69A,rest10,train
IRC69A,videos,train
IRC9,videos,train
IRC99,rest10,test
IRC99,videos,train
IRC9A,rest10,test
IRC9A,videos,train
IRN1,rest10,train
IRN1,videos,train
IRN12,rest10,train
IRN12,videos,train
IRN1A,rest10,val
IRN1A,videos,train
IRN20,rest10,train
IRN20,videos,train
IRN20A,rest10,train
IRN20A,videos,test
IRN22,videos,val
IRN26,rest10,train
IRN26,videos,test
IRN26A,rest10,val
IRN26A,videos,train
IRN30,rest10,train
IRN30,videos,val
IRN32,rest10,train
IRN32,videos,train
IRN34,rest10,val
IRN34,videos,train
IRN36,videos,test
IRN42,videos,test
IRN42A,videos,train
IRN44,rest10,val
IRN44,videos,train
IRN52,rest10,train
IRN52,videos,train
IRN60,rest10,test
IRN60,videos,train
IRN62,rest10,train
IRN62,videos,train
IRN62A,rest10,train
IRN62A,videos,train
IRN64,rest10,train
IRN64,videos,train
IRN66,rest10,train
IRN66,videos,train
IRN68,rest10,train
IRN68,videos,train
IRN68A,videos,train
IRN72,rest10,train
IRN72,videos,train
IRN74,rest10,val
IRN74,videos,train
IRN76,rest10,train
IRN76,videos,val
IRN78,videos,train
ITT1,videos,train
